link_id,points_count,stops_computecount,sig_mean_mean,Score,name,geometry,Score_Bus,Score_Rail
cluster10_primary_1_2,14,37360,1.6885413266269573,13.322039293770011,Campbellton Road,"LINESTRING (-84.51693313575764 33.69261969771194, -84.5167801 33.692532499999984, -84.51639887420482 33.69231528535296)",13.322039293770011,0
cluster10_primary_1_2,14,37360,1.6885413266269573,13.322039293770011,Campbellton Road,"LINESTRING (-84.51693313575764 33.69261969771194, -84.5167801 33.692532499999984, -84.51639887420482 33.69231528535296)",13.322039293770011,0
cluster10_primary_1_3,14,41336,1.7088488417322434,13.655018692752417,Campbellton Road,"LINESTRING (-84.51507902804661 33.69156407676967, -84.5155785 33.691848099999994, -84.51561360085726 33.69186807056909)",13.655018692752417,0
cluster10_primary_1_3,14,41336,1.7088488417322434,13.655018692752417,Campbellton Road,"LINESTRING (-84.51507902804661 33.69156407676967, -84.5155785 33.691848099999994, -84.51561360085726 33.69186807056909)",13.655018692752417,0
cluster10_primary_1_5,7,20860,1.7038590604026846,13.630896496862555,Campbellton Road,"LINESTRING (-84.51372669106436 33.69092809098645, -84.51397600000001 33.691006, -84.514227 33.69110400000001, -84.5143056 33.69114340000001, -84.51431578167171 33.691148498075734)",13.630896496862555,0
